0,2024-12-20 10:57:12,113.5468672,38.948575,1628.99,2024-12-20五台山冬季大朝台_0.jpg,https://down-files.2bulu.com/f/dn1?downParams=mpPLNgWsLzz7R1MhhueYRYdbv2jxHYdo
1,2024-12-20 10:57:16,113.5468287,38.9485751,1629.21,2024-12-20五台山冬季大朝台_1.jpg,https://down-files.2bulu.com/f/dn1?downParams=mpPLNgWsLzwKC6yFnnA4KcXvMEo1t0jc
2,2024-12-20 10:58:56,113.5454599,38.9483266,1634.59,2024-12-20五台山冬季大朝台_2.jpg,https://down-files.2bulu.com/f/dn1?downParams=mpPLNgWsLzz1no1m23uZWhGqH2bYGmCR
4,2024-12-20 11:08:30,113.5386909,38.9480721,1657.13,2024-12-20五台山冬季大朝台_4.jpg,https://down-files.2bulu.com/f/dn1?downParams=mpPLNgWsLzwr8c67tsOZpQbdcs6hOTJm
5,2024-12-20 11:10:02,113.5375786,38.9481314,1669.53,2024-12-20五台山冬季大朝台_5.jpg,https://down-files.2bulu.com/f/dn1?downParams=mpPLNgWsLzxolioDLYRJjvGFBioGTiFB
6,2024-12-20 11:11:50,113.5366493,38.9473639,1681.49,2024-12-20五台山冬季大朝台_6.jpg,https://down-files.2bulu.com/f/dn1?downParams=mpPLNgWsLzzorWYT2RjoAKc8b5jfhi90
7,2024-12-20 11:14:02,113.5375081,38.946807,1694.64,,
8,2024-12-20 11:37:32,113.5398296,38.9417166,1900.31,2024-12-20五台山冬季大朝台_8.jpg,https://down-files.2bulu.com/f/dn1?downParams=mpPLNgWsLzzO2hcS1F%2BrmlNk7Vt%2FsVVc
9,2024-12-20 11:55:32,113.5390219,38.9371153,2038.84,2024-12-20五台山冬季大朝台_9.jpg,https://down-files.2bulu.com/f/dn1?downParams=mpPLNgWsLzyzist2wUwV%2BJN9Ed6Ji77X
10,2024-12-20 12:02:49,113.5390981,38.9354855,2092.31,2024-12-20五台山冬季大朝台_10.jpg,https://down-files.2bulu.com/f/dn1?downParams=mpPLNgWsLzzlervPlg8HH%2Fl6gBiqPvxO
11,2024-12-20 12:02:49,113.5390981,38.9354855,2092.31,2024-12-20五台山冬季大朝台_11.jpg,https://down-files.2bulu.com/f/dn1?downParams=mpPLNgWsLzxPJbZ5%2FPX55UeJ01oWqY19
12,2024-12-20 12:47:03,113.5378367,38.927023,2350.24,2024-12-20五台山冬季大朝台_12.jpg,https://down-files.2bulu.com/f/dn1?downParams=mpPLNgWsLzw6n%2B%2BEMx4pjLO0JxJHJCPl
14,2024-12-20 13:09:27,113.5344882,38.9237383,2446.04,2024-12-20五台山冬季大朝台_14.jpg,https://down-files.2bulu.com/f/dn1?downParams=T%2BwE2Q8uYT7dfaDMN%2FZKsUjnoSZJO6JD
15,2024-12-20 13:56:22,113.5173074,38.9322672,2236.37,2024-12-20五台山冬季大朝台_15.jpg,https://down-files.2bulu.com/f/dn1?downParams=T%2BwE2Q8uYT4apzR2tlUTWul1iRbBZQOp
16,2024-12-20 14:21:36,113.5088568,38.9451952,2160.36,2024-12-20五台山冬季大朝台_16.jpg,https://down-files.2bulu.com/f/dn1?downParams=T%2BwE2Q8uYT5YJmqtHKGbhh7QGs4qjt%2Bk
17,2024-12-20 14:23:57,113.5077503,38.9461195,2150.8,2024-12-20五台山冬季大朝台_17.jpg,https://down-files.2bulu.com/f/dn1?downParams=T%2BwE2Q8uYT53B4BfxYk3BbsusRB8%2BtJp
18,2024-12-20 14:34:06,113.5065719,38.9506248,2073.9,2024-12-20五台山冬季大朝台_18.jpg,https://down-files.2bulu.com/f/dn1?downParams=T%2BwE2Q8uYT4wrgND3NcA1rfq%2B%2FKnyT4I
19,2024-12-20 15:05:05,113.504627,38.9614774,1921.22,2024-12-20五台山冬季大朝台_19.jpg,https://down-files.2bulu.com/f/dn1?downParams=T%2BwE2Q8uYT4z12kI%2Fx%2FJYoJR8jZ5gRJU
20,2024-12-20 15:24:49,113.5075687,38.9667337,1991.78,2024-12-20五台山冬季大朝台_20.jpg,https://down-files.2bulu.com/f/dn1?downParams=T%2BwE2Q8uYT7c%2FxW8LXWj%2BnI6%2F%2Bb69f8b
21,2024-12-20 15:31:44,113.5094615,38.9694124,2021.28,2024-12-20五台山冬季大朝台_21.jpg,https://down-files.2bulu.com/f/dn1?downParams=T%2BwE2Q8uYT4ndpPCJWk%2FiSDHZ7VryZy%2F
22,2024-12-20 15:51:40,113.513761,38.975608,2097.18,2024-12-20五台山冬季大朝台_22.jpg,https://down-files.2bulu.com/f/dn1?downParams=T%2BwE2Q8uYT6K%2BtAtk%2BOzUswC5xRfBtiP
23,2024-12-20 16:26:46,113.5054725,38.9866586,2261.06,2024-12-20五台山冬季大朝台_23.jpg,https://down-files.2bulu.com/f/dn1?downParams=T%2BwE2Q8uYT54lbhb%2FHhf%2FPVwNPqevC8z
24,2024-12-20 16:36:42,113.4988748,38.9881967,2279.31,2024-12-20五台山冬季大朝台_24.jpg,https://down-files.2bulu.com/f/dn1?downParams=T%2BwE2Q8uYT59Q78OZLPqOJitKT%2FxfGUz
25,2024-12-20 16:57:36,113.4992234,39.0005473,2298.61,2024-12-20五台山冬季大朝台_25.jpg,https://down-files.2bulu.com/f/dn1?downParams=T%2BwE2Q8uYT5A6kiTYPrOMBRuuN4xfTN9
26,2024-12-20 17:12:57,113.5004585,39.0070022,2343.86,2024-12-20五台山冬季大朝台_26.jpg,https://down-files.2bulu.com/f/dn1?downParams=T%2BwE2Q8uYT5HUFZO7OYRgiwtSpOL3Ow2
27,2024-12-20 17:12:57,113.5004585,39.0070022,2343.86,2024-12-20五台山冬季大朝台_27.jpg,https://down-files.2bulu.com/f/dn1?downParams=T%2BwE2Q8uYT4P%2Bn1fgON3HmnYaNWiaBVy
28,2024-12-20 17:23:19,113.502068,39.0092425,2362.67,2024-12-20五台山冬季大朝台_28.jpg,https://down-files.2bulu.com/f/dn1?downParams=T%2BwE2Q8uYT7i9pvMDPkhvpYoQKOJDGDY
29,2024-12-20 17:58:25,113.5188526,39.0242245,2312.4,2024-12-20五台山冬季大朝台_29.jpg,https://down-files.2bulu.com/f/dn1?downParams=T%2BwE2Q8uYT6DxJrqMiXqiGdg2AJj315s
30,2024-12-21 09:05:11,113.5118225,39.0281672,2379.69,2024-12-20五台山冬季大朝台_30.jpg,https://down-files.2bulu.com/f/dn1?downParams=T%2BwE2Q8uYT65ySDmcTAnTLhwGpE25rYf
31,2024-12-21 09:05:17,113.5118241,39.0281647,2380.44,2024-12-20五台山冬季大朝台_31.jpg,https://down-files.2bulu.com/f/dn1?downParams=T%2BwE2Q8uYT7JTPAFBTUNNf4Qvhfv0IpB
32,2024-12-21 09:57:02,113.5000399,39.0374691,2631.93,2024-12-20五台山冬季大朝台_32.jpg,https://down-files.2bulu.com/f/dn1?downParams=T%2BwE2Q8uYT5PgEfheUOHVq3nTqFWnI4A
33,2024-12-21 11:24:07,113.5120544,39.0410728,2790.0,2024-12-20五台山冬季大朝台_33.jpg,https://down-files.2bulu.com/f/dn1?downParams=T%2BwE2Q8uYT6%2F5y5z93q9jMuZxbig%2FB6R
34,2024-12-21 11:34:44,113.5165928,39.0424422,2784.53,2024-12-20五台山冬季大朝台_34.jpg,https://down-files.2bulu.com/f/dn1?downParams=T%2BwE2Q8uYT6o3ZYyL%2BuFVdr6dsPM3eBe
35,2024-12-21 12:01:30,113.5280273,39.0458668,2863.53,2024-12-20五台山冬季大朝台_35.jpg,https://down-files.2bulu.com/f/dn1?downParams=T%2BwE2Q8uYT5MisfinrTs7rTSGGfNPVQZ
36,2024-12-21 12:09:45,113.5304623,39.0452697,2876.79,2024-12-20五台山冬季大朝台_36.jpg,https://down-files.2bulu.com/f/dn1?downParams=T%2BwE2Q8uYT7VeMH6AGuQtHDG0urLi3xg
37,2024-12-21 13:01:01,113.5419906,39.0582063,2750.85,2024-12-20五台山冬季大朝台_37.jpg,https://down-files.2bulu.com/f/dn1?downParams=T%2BwE2Q8uYT7CP%2FmuGIK75cvfSFXc1HYt
38,2024-12-21 13:08:13,113.5453739,39.0599436,2759.67,2024-12-20五台山冬季大朝台_38.jpg,https://down-files.2bulu.com/f/dn1?downParams=Pm5aNRkzFbaVkq6FYicB4oOo7MZMWVvT
39,2024-12-21 13:12:31,113.5477722,39.0600279,2760.29,2024-12-20五台山冬季大朝台_39.jpg,https://down-files.2bulu.com/f/dn1?downParams=Pm5aNRkzFbZbob2JkNdrPLXUvqESZT7e
40,2024-12-21 14:20:22,113.5651311,39.0792282,2996.46,2024-12-20五台山冬季大朝台_40.jpg,https://down-files.2bulu.com/f/dn1?downParams=Pm5aNRkzFbZuFzCSVB8JKamYnvTRv%2B8N
41,2024-12-21 14:31:50,113.5669896,39.0808433,3034.08,2024-12-20五台山冬季大朝台_41.jpg,https://down-files.2bulu.com/f/dn1?downParams=Pm5aNRkzFbZ%2FJ2g%2BxUb2VweE7cO7ATnA
42,2024-12-21 14:34:06,113.5655333,39.0809834,3031.6,2024-12-20五台山冬季大朝台_42.jpg,https://down-files.2bulu.com/f/dn1?downParams=Pm5aNRkzFbZm2gSmgJMv%2BbsE50u9dlct
43,2024-12-21 14:44:02,113.5684763,39.0796447,3038.46,2024-12-20五台山冬季大朝台_43.jpg,https://down-files.2bulu.com/f/dn1?downParams=Pm5aNRkzFbYYwDAIYDhWNxLDyA1wyTWj
44,2024-12-21 14:44:02,113.5684763,39.0796447,3038.46,2024-12-20五台山冬季大朝台_44.jpg,https://down-files.2bulu.com/f/dn1?downParams=Pm5aNRkzFbameU5udmOVYcg7UjmqWTke
45,2024-12-21 15:09:48,113.5732321,39.0791379,2968.81,2024-12-20五台山冬季大朝台_45.jpg,https://down-files.2bulu.com/f/dn1?downParams=Pm5aNRkzFbboy43YWU5pJMqkyN7q2L%2By
46,2024-12-21 15:24:50,113.5816423,39.0739262,2854.05,2024-12-20五台山冬季大朝台_46.jpg,https://down-files.2bulu.com/f/dn1?downParams=Pm5aNRkzFbat9spL2srqYPz7ga91xg7S
47,2024-12-21 15:37:35,113.5869721,39.0713019,2712.65,2024-12-20五台山冬季大朝台_47.jpg,https://down-files.2bulu.com/f/dn1?downParams=Pm5aNRkzFbbWHBg9D%2B7T2CvsH3Vwvwiw
48,2024-12-21 16:07:59,113.6080967,39.0649661,2582.39,2024-12-20五台山冬季大朝台_48.jpg,https://down-files.2bulu.com/f/dn1?downParams=Pm5aNRkzFbY%2BeKJT2o%2B3nmmzCuHbVeAJ
49,2024-12-21 16:07:59,113.6080967,39.0649661,2582.39,2024-12-20五台山冬季大朝台_49.jpg,https://down-files.2bulu.com/f/dn1?downParams=Pm5aNRkzFbb%2ByudyVV1dvLYZaRwRTpiy
50,2024-12-21 16:07:59,113.6080967,39.0649661,2582.39,2024-12-20五台山冬季大朝台_50.jpg,https://down-files.2bulu.com/f/dn1?downParams=Pm5aNRkzFbbcZeSgaK2ofkViUycJPcsd
51,2024-12-21 16:19:44,113.6135159,39.061709,2546.83,2024-12-20五台山冬季大朝台_51.jpg,https://down-files.2bulu.com/f/dn1?downParams=Pm5aNRkzFbYOlO%2BAt7o%2BPnrUAo7mTXTJ
52,2024-12-21 16:25:24,113.6173966,39.0604594,2551.16,2024-12-20五台山冬季大朝台_52.jpg,https://down-files.2bulu.com/f/dn1?downParams=Pm5aNRkzFbbdLK6Fy5Ds5%2FgMSXiwpzG%2B
53,2024-12-21 16:32:06,113.6221713,39.0603712,2568.81,2024-12-20五台山冬季大朝台_53.jpg,https://down-files.2bulu.com/f/dn1?downParams=Pm5aNRkzFbbqu%2BkPu1G1BGr2BHVihHA1
54,2024-12-21 16:32:06,113.6221713,39.0603712,2568.81,,
55,2024-12-21 17:07:06,113.6416595,39.0609165,2560.43,2024-12-20五台山冬季大朝台_55.jpg,https://down-files.2bulu.com/f/dn1?downParams=Pm5aNRkzFbZ9%2FjtrjFlgf3eWX51WspWl
56,2024-12-21 17:16:22,113.6476543,39.0585871,2564.66,2024-12-20五台山冬季大朝台_56.jpg,https://down-files.2bulu.com/f/dn1?downParams=Pm5aNRkzFbbmUTRRYI5KxBR7OvWy4iLk
57,2024-12-21 17:24:38,113.6535936,39.0566137,2509.51,2024-12-20五台山冬季大朝台_57.jpg,https://down-files.2bulu.com/f/dn1?downParams=Pm5aNRkzFbYU2IlEtb1NA%2FqNIET188vO
58,2024-12-21 17:24:38,113.6535936,39.0566137,2509.51,2024-12-20五台山冬季大朝台_58.jpg,https://down-files.2bulu.com/f/dn1?downParams=Pm5aNRkzFbbFDaLfcTYhRxrMl4Qu77Du
59,2024-12-22 06:58:36,113.6608844,39.0421965,2761.32,2024-12-20五台山冬季大朝台_59.jpg,https://down-files.2bulu.com/f/dn1?downParams=Pm5aNRkzFbaPsjakV3Cncqw95KEqpXV%2B
60,2024-12-22 07:16:38,113.6617142,39.041224,2773.51,2024-12-20五台山冬季大朝台_60.jpg,https://down-files.2bulu.com/f/dn1?downParams=Pm5aNRkzFbbiXSvAkBaqKL%2FzDZP0fWoo
61,2024-12-22 07:33:58,113.6619028,39.041229,2775.85,2024-12-20五台山冬季大朝台_61.jpg,https://down-files.2bulu.com/f/dn1?downParams=Pm5aNRkzFbYIQ1rkC5TE7WMetBH2ZADe
62,2024-12-22 07:50:00,113.6600862,39.0399764,2741.04,2024-12-20五台山冬季大朝台_62.jpg,https://down-files.2bulu.com/f/dn1?downParams=Pm5aNRkzFbbTp5tA15zUIxecXwBB6nwd
63,2024-12-22 08:11:19,113.6654511,39.0310064,2514.09,2024-12-20五台山冬季大朝台_63.jpg,https://down-files.2bulu.com/f/dn1?downParams=Pm5aNRkzFbbO7S6WRPEfRV9OgMkYW56U
64,2024-12-22 08:11:19,113.6654511,39.0310064,2514.09,2024-12-20五台山冬季大朝台_64.jpg,https://down-files.2bulu.com/f/dn1?downParams=Pm5aNRkzFbZMzrMC%2FcHG7eAiy%2FV39LaM
65,2024-12-22 08:29:07,113.6688956,39.0250118,2407.5,2024-12-20五台山冬季大朝台_65.jpg,https://down-files.2bulu.com/f/dn1?downParams=GYI%2FNC6XTglYYkE7V4%2Fc%2FHwfL5cXqKxD
66,2024-12-22 09:41:18,113.6782019,38.9983165,2390.82,2024-12-20五台山冬季大朝台_66.jpg,https://down-files.2bulu.com/f/dn1?downParams=GYI%2FNC6XTgneVDsW641LLD6OM0DDkdE4
67,2024-12-22 11:35:10,113.6375465,38.9845261,2387.49,2024-12-20五台山冬季大朝台_67.jpg,https://down-files.2bulu.com/f/dn1?downParams=GYI%2FNC6XTgnbLM9hK2LFt9hqCUE0eL0T
68,2024-12-22 12:10:10,113.6197022,38.9772351,2266.36,2024-12-20五台山冬季大朝台_68.jpg,https://down-files.2bulu.com/f/dn1?downParams=GYI%2FNC6XTgmE3vxHfKjSuNhdoePbinQ9
69,2024-12-22 12:13:36,113.6196371,38.977239,2267.76,2024-12-20五台山冬季大朝台_69.jpg,https://down-files.2bulu.com/f/dn1?downParams=GYI%2FNC6XTgmaBnRHUoh58qnKp%2BbXyESw
70,2024-12-22 12:34:35,113.6177408,38.9675837,2125.45,2024-12-20五台山冬季大朝台_70.jpg,https://down-files.2bulu.com/f/dn1?downParams=GYI%2FNC6XTgnnU0L1gqkXWwxsei4IHFyi
71,2024-12-22 12:36:47,113.6178232,38.9661102,2093.39,2024-12-20五台山冬季大朝台_71.jpg,https://down-files.2bulu.com/f/dn1?downParams=GYI%2FNC6XTgkJslYJsw8B8Mt0IzZ1j9oo
72,2024-12-22 12:39:39,113.6162736,38.965301,2055.86,2024-12-20五台山冬季大朝台_72.jpg,https://down-files.2bulu.com/f/dn1?downParams=GYI%2FNC6XTgnOJ%2BBdbmTgTnt0XbkIdKjQ
73,2024-12-22 12:41:23,113.6155375,38.9648111,2049.29,2024-12-20五台山冬季大朝台_73.jpg,https://down-files.2bulu.com/f/dn1?downParams=GYI%2FNC6XTgkYFNilmPWIDJtb1fAJH0lA
74,2024-12-22 12:57:49,113.6077522,38.9641251,1830.79,2024-12-20五台山冬季大朝台_74.jpg,https://down-files.2bulu.com/f/dn1?downParams=GYI%2FNC6XTglbETIKJQZ9pxqH080j%2BnbD
75,2024-12-22 13:00:31,113.6068551,38.9640673,1824.89,2024-12-20五台山冬季大朝台_75.jpg,https://down-files.2bulu.com/f/dn1?downParams=GYI%2FNC6XTgnA14Wdspj8p%2BDpgKwsW4wj
76,2024-12-22 13:13:08,113.5985701,38.964366,1725.32,2024-12-20五台山冬季大朝台_76.jpg,https://down-files.2bulu.com/f/dn1?downParams=GYI%2FNC6XTgmga8MEno8FzdFmTb6U1Oi1
0,2024-12-20 10:57:12,113.5468672,38.948575,1628.99,2024-12-20五台山冬季大朝台_0.jpg,https://down-files.2bulu.com/f/dn1?downParams=mpPLNgWsLzz7R1MhhueYRYdbv2jxHYdo
1,2024-12-20 10:57:16,113.5468287,38.9485751,1629.21,2024-12-20五台山冬季大朝台_1.jpg,https://down-files.2bulu.com/f/dn1?downParams=mpPLNgWsLzwKC6yFnnA4KcXvMEo1t0jc
2,2024-12-20 10:58:56,113.5454599,38.9483266,1634.59,2024-12-20五台山冬季大朝台_2.jpg,https://down-files.2bulu.com/f/dn1?downParams=mpPLNgWsLzz1no1m23uZWhGqH2bYGmCR
4,2024-12-20 11:08:30,113.5386909,38.9480721,1657.13,2024-12-20五台山冬季大朝台_4.jpg,https://down-files.2bulu.com/f/dn1?downParams=mpPLNgWsLzwr8c67tsOZpQbdcs6hOTJm
5,2024-12-20 11:10:02,113.5375786,38.9481314,1669.53,2024-12-20五台山冬季大朝台_5.jpg,https://down-files.2bulu.com/f/dn1?downParams=mpPLNgWsLzxolioDLYRJjvGFBioGTiFB
6,2024-12-20 11:11:50,113.5366493,38.9473639,1681.49,2024-12-20五台山冬季大朝台_6.jpg,https://down-files.2bulu.com/f/dn1?downParams=mpPLNgWsLzzorWYT2RjoAKc8b5jfhi90
7,2024-12-20 11:14:02,113.5375081,38.946807,1694.64,,
8,2024-12-20 11:37:32,113.5398296,38.9417166,1900.31,2024-12-20五台山冬季大朝台_8.jpg,https://down-files.2bulu.com/f/dn1?downParams=mpPLNgWsLzzO2hcS1F%2BrmlNk7Vt%2FsVVc
9,2024-12-20 11:55:32,113.5390219,38.9371153,2038.84,2024-12-20五台山冬季大朝台_9.jpg,https://down-files.2bulu.com/f/dn1?downParams=mpPLNgWsLzyzist2wUwV%2BJN9Ed6Ji77X
10,2024-12-20 12:02:49,113.5390981,38.9354855,2092.31,2024-12-20五台山冬季大朝台_10.jpg,https://down-files.2bulu.com/f/dn1?downParams=mpPLNgWsLzzlervPlg8HH%2Fl6gBiqPvxO
11,2024-12-20 12:02:49,113.5390981,38.9354855,2092.31,2024-12-20五台山冬季大朝台_11.jpg,https://down-files.2bulu.com/f/dn1?downParams=mpPLNgWsLzxPJbZ5%2FPX55UeJ01oWqY19
12,2024-12-20 12:47:03,113.5378367,38.927023,2350.24,2024-12-20五台山冬季大朝台_12.jpg,https://down-files.2bulu.com/f/dn1?downParams=mpPLNgWsLzw6n%2B%2BEMx4pjLO0JxJHJCPl
14,2024-12-20 13:09:27,113.5344882,38.9237383,2446.04,2024-12-20五台山冬季大朝台_14.jpg,https://down-files.2bulu.com/f/dn1?downParams=T%2BwE2Q8uYT7dfaDMN%2FZKsUjnoSZJO6JD
15,2024-12-20 13:56:22,113.5173074,38.9322672,2236.37,2024-12-20五台山冬季大朝台_15.jpg,https://down-files.2bulu.com/f/dn1?downParams=T%2BwE2Q8uYT4apzR2tlUTWul1iRbBZQOp
16,2024-12-20 14:21:36,113.5088568,38.9451952,2160.36,2024-12-20五台山冬季大朝台_16.jpg,https://down-files.2bulu.com/f/dn1?downParams=T%2BwE2Q8uYT5YJmqtHKGbhh7QGs4qjt%2Bk
17,2024-12-20 14:23:57,113.5077503,38.9461195,2150.8,2024-12-20五台山冬季大朝台_17.jpg,https://down-files.2bulu.com/f/dn1?downParams=T%2BwE2Q8uYT53B4BfxYk3BbsusRB8%2BtJp
18,2024-12-20 14:34:06,113.5065719,38.9506248,2073.9,2024-12-20五台山冬季大朝台_18.jpg,https://down-files.2bulu.com/f/dn1?downParams=T%2BwE2Q8uYT4wrgND3NcA1rfq%2B%2FKnyT4I
19,2024-12-20 15:05:05,113.504627,38.9614774,1921.22,2024-12-20五台山冬季大朝台_19.jpg,https://down-files.2bulu.com/f/dn1?downParams=T%2BwE2Q8uYT4z12kI%2Fx%2FJYoJR8jZ5gRJU
20,2024-12-20 15:24:49,113.5075687,38.9667337,1991.78,2024-12-20五台山冬季大朝台_20.jpg,https://down-files.2bulu.com/f/dn1?downParams=T%2BwE2Q8uYT7c%2FxW8LXWj%2BnI6%2F%2Bb69f8b
21,2024-12-20 15:31:44,113.5094615,38.9694124,2021.28,2024-12-20五台山冬季大朝台_21.jpg,https://down-files.2bulu.com/f/dn1?downParams=T%2BwE2Q8uYT4ndpPCJWk%2FiSDHZ7VryZy%2F
22,2024-12-20 15:51:40,113.513761,38.975608,2097.18,2024-12-20五台山冬季大朝台_22.jpg,https://down-files.2bulu.com/f/dn1?downParams=T%2BwE2Q8uYT6K%2BtAtk%2BOzUswC5xRfBtiP
23,2024-12-20 16:26:46,113.5054725,38.9866586,2261.06,2024-12-20五台山冬季大朝台_23.jpg,https://down-files.2bulu.com/f/dn1?downParams=T%2BwE2Q8uYT54lbhb%2FHhf%2FPVwNPqevC8z
24,2024-12-20 16:36:42,113.4988748,38.9881967,2279.31,2024-12-20五台山冬季大朝台_24.jpg,https://down-files.2bulu.com/f/dn1?downParams=T%2BwE2Q8uYT59Q78OZLPqOJitKT%2FxfGUz
25,2024-12-20 16:57:36,113.4992234,39.0005473,2298.61,2024-12-20五台山冬季大朝台_25.jpg,https://down-files.2bulu.com/f/dn1?downParams=T%2BwE2Q8uYT5A6kiTYPrOMBRuuN4xfTN9
26,2024-12-20 17:12:57,113.5004585,39.0070022,2343.86,2024-12-20五台山冬季大朝台_26.jpg,https://down-files.2bulu.com/f/dn1?downParams=T%2BwE2Q8uYT5HUFZO7OYRgiwtSpOL3Ow2
27,2024-12-20 17:12:57,113.5004585,39.0070022,2343.86,2024-12-20五台山冬季大朝台_27.jpg,https://down-files.2bulu.com/f/dn1?downParams=T%2BwE2Q8uYT4P%2Bn1fgON3HmnYaNWiaBVy
28,2024-12-20 17:23:19,113.502068,39.0092425,2362.67,2024-12-20五台山冬季大朝台_28.jpg,https://down-files.2bulu.com/f/dn1?downParams=T%2BwE2Q8uYT7i9pvMDPkhvpYoQKOJDGDY
29,2024-12-20 17:58:25,113.5188526,39.0242245,2312.4,2024-12-20五台山冬季大朝台_29.jpg,https://down-files.2bulu.com/f/dn1?downParams=T%2BwE2Q8uYT6DxJrqMiXqiGdg2AJj315s
30,2024-12-21 09:05:11,113.5118225,39.0281672,2379.69,2024-12-20五台山冬季大朝台_30.jpg,https://down-files.2bulu.com/f/dn1?downParams=T%2BwE2Q8uYT65ySDmcTAnTLhwGpE25rYf
31,2024-12-21 09:05:17,113.5118241,39.0281647,2380.44,2024-12-20五台山冬季大朝台_31.jpg,https://down-files.2bulu.com/f/dn1?downParams=T%2BwE2Q8uYT7JTPAFBTUNNf4Qvhfv0IpB
32,2024-12-21 09:57:02,113.5000399,39.0374691,2631.93,2024-12-20五台山冬季大朝台_32.jpg,https://down-files.2bulu.com/f/dn1?downParams=T%2BwE2Q8uYT5PgEfheUOHVq3nTqFWnI4A
33,2024-12-21 11:24:07,113.5120544,39.0410728,2790.0,2024-12-20五台山冬季大朝台_33.jpg,https://down-files.2bulu.com/f/dn1?downParams=T%2BwE2Q8uYT6%2F5y5z93q9jMuZxbig%2FB6R
34,2024-12-21 11:34:44,113.5165928,39.0424422,2784.53,2024-12-20五台山冬季大朝台_34.jpg,https://down-files.2bulu.com/f/dn1?downParams=T%2BwE2Q8uYT6o3ZYyL%2BuFVdr6dsPM3eBe
35,2024-12-21 12:01:30,113.5280273,39.0458668,2863.53,2024-12-20五台山冬季大朝台_35.jpg,https://down-files.2bulu.com/f/dn1?downParams=T%2BwE2Q8uYT5MisfinrTs7rTSGGfNPVQZ
36,2024-12-21 12:09:45,113.5304623,39.0452697,2876.79,2024-12-20五台山冬季大朝台_36.jpg,https://down-files.2bulu.com/f/dn1?downParams=T%2BwE2Q8uYT7VeMH6AGuQtHDG0urLi3xg
37,2024-12-21 13:01:01,113.5419906,39.0582063,2750.85,2024-12-20五台山冬季大朝台_37.jpg,https://down-files.2bulu.com/f/dn1?downParams=T%2BwE2Q8uYT7CP%2FmuGIK75cvfSFXc1HYt
38,2024-12-21 13:08:13,113.5453739,39.0599436,2759.67,2024-12-20五台山冬季大朝台_38.jpg,https://down-files.2bulu.com/f/dn1?downParams=Pm5aNRkzFbaVkq6FYicB4oOo7MZMWVvT
39,2024-12-21 13:12:31,113.5477722,39.0600279,2760.29,2024-12-20五台山冬季大朝台_39.jpg,https://down-files.2bulu.com/f/dn1?downParams=Pm5aNRkzFbZbob2JkNdrPLXUvqESZT7e
40,2024-12-21 14:20:22,113.5651311,39.0792282,2996.46,2024-12-20五台山冬季大朝台_40.jpg,https://down-files.2bulu.com/f/dn1?downParams=Pm5aNRkzFbZuFzCSVB8JKamYnvTRv%2B8N
41,2024-12-21 14:31:50,113.5669896,39.0808433,3034.08,2024-12-20五台山冬季大朝台_41.jpg,https://down-files.2bulu.com/f/dn1?downParams=Pm5aNRkzFbZ%2FJ2g%2BxUb2VweE7cO7ATnA
42,2024-12-21 14:34:06,113.5655333,39.0809834,3031.6,2024-12-20五台山冬季大朝台_42.jpg,https://down-files.2bulu.com/f/dn1?downParams=Pm5aNRkzFbZm2gSmgJMv%2BbsE50u9dlct
43,2024-12-21 14:44:02,113.5684763,39.0796447,3038.46,2024-12-20五台山冬季大朝台_43.jpg,https://down-files.2bulu.com/f/dn1?downParams=Pm5aNRkzFbYYwDAIYDhWNxLDyA1wyTWj
44,2024-12-21 14:44:02,113.5684763,39.0796447,3038.46,2024-12-20五台山冬季大朝台_44.jpg,https://down-files.2bulu.com/f/dn1?downParams=Pm5aNRkzFbameU5udmOVYcg7UjmqWTke
45,2024-12-21 15:09:48,113.5732321,39.0791379,2968.81,2024-12-20五台山冬季大朝台_45.jpg,https://down-files.2bulu.com/f/dn1?downParams=Pm5aNRkzFbboy43YWU5pJMqkyN7q2L%2By
46,2024-12-21 15:24:50,113.5816423,39.0739262,2854.05,2024-12-20五台山冬季大朝台_46.jpg,https://down-files.2bulu.com/f/dn1?downParams=Pm5aNRkzFbat9spL2srqYPz7ga91xg7S
47,2024-12-21 15:37:35,113.5869721,39.0713019,2712.65,2024-12-20五台山冬季大朝台_47.jpg,https://down-files.2bulu.com/f/dn1?downParams=Pm5aNRkzFbbWHBg9D%2B7T2CvsH3Vwvwiw
48,2024-12-21 16:07:59,113.6080967,39.0649661,2582.39,2024-12-20五台山冬季大朝台_48.jpg,https://down-files.2bulu.com/f/dn1?downParams=Pm5aNRkzFbY%2BeKJT2o%2B3nmmzCuHbVeAJ
49,2024-12-21 16:07:59,113.6080967,39.0649661,2582.39,2024-12-20五台山冬季大朝台_49.jpg,https://down-files.2bulu.com/f/dn1?downParams=Pm5aNRkzFbb%2ByudyVV1dvLYZaRwRTpiy
50,2024-12-21 16:07:59,113.6080967,39.0649661,2582.39,2024-12-20五台山冬季大朝台_50.jpg,https://down-files.2bulu.com/f/dn1?downParams=Pm5aNRkzFbbcZeSgaK2ofkViUycJPcsd
51,2024-12-21 16:19:44,113.6135159,39.061709,2546.83,2024-12-20五台山冬季大朝台_51.jpg,https://down-files.2bulu.com/f/dn1?downParams=Pm5aNRkzFbYOlO%2BAt7o%2BPnrUAo7mTXTJ
52,2024-12-21 16:25:24,113.6173966,39.0604594,2551.16,2024-12-20五台山冬季大朝台_52.jpg,https://down-files.2bulu.com/f/dn1?downParams=Pm5aNRkzFbbdLK6Fy5Ds5%2FgMSXiwpzG%2B
53,2024-12-21 16:32:06,113.6221713,39.0603712,2568.81,2024-12-20五台山冬季大朝台_53.jpg,https://down-files.2bulu.com/f/dn1?downParams=Pm5aNRkzFbbqu%2BkPu1G1BGr2BHVihHA1
54,2024-12-21 16:32:06,113.6221713,39.0603712,2568.81,,
55,2024-12-21 17:07:06,113.6416595,39.0609165,2560.43,2024-12-20五台山冬季大朝台_55.jpg,https://down-files.2bulu.com/f/dn1?downParams=Pm5aNRkzFbZ9%2FjtrjFlgf3eWX51WspWl
56,2024-12-21 17:16:22,113.6476543,39.0585871,2564.66,2024-12-20五台山冬季大朝台_56.jpg,https://down-files.2bulu.com/f/dn1?downParams=Pm5aNRkzFbbmUTRRYI5KxBR7OvWy4iLk
57,2024-12-21 17:24:38,113.6535936,39.0566137,2509.51,2024-12-20五台山冬季大朝台_57.jpg,https://down-files.2bulu.com/f/dn1?downParams=Pm5aNRkzFbYU2IlEtb1NA%2FqNIET188vO
58,2024-12-21 17:24:38,113.6535936,39.0566137,2509.51,2024-12-20五台山冬季大朝台_58.jpg,https://down-files.2bulu.com/f/dn1?downParams=Pm5aNRkzFbbFDaLfcTYhRxrMl4Qu77Du
59,2024-12-22 06:58:36,113.6608844,39.0421965,2761.32,2024-12-20五台山冬季大朝台_59.jpg,https://down-files.2bulu.com/f/dn1?downParams=Pm5aNRkzFbaPsjakV3Cncqw95KEqpXV%2B
60,2024-12-22 07:16:38,113.6617142,39.041224,2773.51,2024-12-20五台山冬季大朝台_60.jpg,https://down-files.2bulu.com/f/dn1?downParams=Pm5aNRkzFbbiXSvAkBaqKL%2FzDZP0fWoo
61,2024-12-22 07:33:58,113.6619028,39.041229,2775.85,2024-12-20五台山冬季大朝台_61.jpg,https://down-files.2bulu.com/f/dn1?downParams=Pm5aNRkzFbYIQ1rkC5TE7WMetBH2ZADe
62,2024-12-22 07:50:00,113.6600862,39.0399764,2741.04,2024-12-20五台山冬季大朝台_62.jpg,https://down-files.2bulu.com/f/dn1?downParams=Pm5aNRkzFbbTp5tA15zUIxecXwBB6nwd
63,2024-12-22 08:11:19,113.6654511,39.0310064,2514.09,2024-12-20五台山冬季大朝台_63.jpg,https://down-files.2bulu.com/f/dn1?downParams=Pm5aNRkzFbbO7S6WRPEfRV9OgMkYW56U
64,2024-12-22 08:11:19,113.6654511,39.0310064,2514.09,2024-12-20五台山冬季大朝台_64.jpg,https://down-files.2bulu.com/f/dn1?downParams=Pm5aNRkzFbZMzrMC%2FcHG7eAiy%2FV39LaM
65,2024-12-22 08:29:07,113.6688956,39.0250118,2407.5,2024-12-20五台山冬季大朝台_65.jpg,https://down-files.2bulu.com/f/dn1?downParams=GYI%2FNC6XTglYYkE7V4%2Fc%2FHwfL5cXqKxD
66,2024-12-22 09:41:18,113.6782019,38.9983165,2390.82,2024-12-20五台山冬季大朝台_66.jpg,https://down-files.2bulu.com/f/dn1?downParams=GYI%2FNC6XTgneVDsW641LLD6OM0DDkdE4
67,2024-12-22 11:35:10,113.6375465,38.9845261,2387.49,2024-12-20五台山冬季大朝台_67.jpg,https://down-files.2bulu.com/f/dn1?downParams=GYI%2FNC6XTgnbLM9hK2LFt9hqCUE0eL0T
68,2024-12-22 12:10:10,113.6197022,38.9772351,2266.36,2024-12-20五台山冬季大朝台_68.jpg,https://down-files.2bulu.com/f/dn1?downParams=GYI%2FNC6XTgmE3vxHfKjSuNhdoePbinQ9
69,2024-12-22 12:13:36,113.6196371,38.977239,2267.76,2024-12-20五台山冬季大朝台_69.jpg,https://down-files.2bulu.com/f/dn1?downParams=GYI%2FNC6XTgmaBnRHUoh58qnKp%2BbXyESw
70,2024-12-22 12:34:35,113.6177408,38.9675837,2125.45,2024-12-20五台山冬季大朝台_70.jpg,https://down-files.2bulu.com/f/dn1?downParams=GYI%2FNC6XTgnnU0L1gqkXWwxsei4IHFyi
71,2024-12-22 12:36:47,113.6178232,38.9661102,2093.39,2024-12-20五台山冬季大朝台_71.jpg,https://down-files.2bulu.com/f/dn1?downParams=GYI%2FNC6XTgkJslYJsw8B8Mt0IzZ1j9oo
72,2024-12-22 12:39:39,113.6162736,38.965301,2055.86,2024-12-20五台山冬季大朝台_72.jpg,https://down-files.2bulu.com/f/dn1?downParams=GYI%2FNC6XTgnOJ%2BBdbmTgTnt0XbkIdKjQ
73,2024-12-22 12:41:23,113.6155375,38.9648111,2049.29,2024-12-20五台山冬季大朝台_73.jpg,https://down-files.2bulu.com/f/dn1?downParams=GYI%2FNC6XTgkYFNilmPWIDJtb1fAJH0lA
74,2024-12-22 12:57:49,113.6077522,38.9641251,1830.79,2024-12-20五台山冬季大朝台_74.jpg,https://down-files.2bulu.com/f/dn1?downParams=GYI%2FNC6XTglbETIKJQZ9pxqH080j%2BnbD
75,2024-12-22 13:00:31,113.6068551,38.9640673,1824.89,2024-12-20五台山冬季大朝台_75.jpg,https://down-files.2bulu.com/f/dn1?downParams=GYI%2FNC6XTgnA14Wdspj8p%2BDpgKwsW4wj
76,2024-12-22 13:13:08,113.5985701,38.964366,1725.32,2024-12-20五台山冬季大朝台_76.jpg,https://down-files.2bulu.com/f/dn1?downParams=GYI%2FNC6XTgmga8MEno8FzdFmTb6U1Oi1
